Cell,Orientations,Model,Features,Accuracy,F1-score,Time (s)
4x4,6,SVM,23064,0.8372,0.9044,47.4755
4x4,6,Random Forest,23064,0.7913,0.882,29.0243
4x4,9,SVM,34596,0.8211,0.896,66.9584
4x4,9,Random Forest,34596,0.7844,0.8786,29.0006
4x4,12,SVM,46128,0.8257,0.8978,92.8815
4x4,12,Random Forest,46128,0.7982,0.8854,26.6685
8x8,6,SVM,5400,0.8647,0.9182,18.0101
8x8,6,Random Forest,5400,0.8142,0.8936,16.1982
8x8,9,SVM,8100,0.8486,0.9106,15.342
8x8,9,Random Forest,8100,0.8119,0.8924,18.8589
8x8,12,SVM,10800,0.8601,0.9161,25.2004
8x8,12,Random Forest,10800,0.828,0.9007,17.9874
16x16,6,SVM,1176,0.8532,0.9099,1.1118
16x16,6,Random Forest,1176,0.8417,0.9074,5.8833
16x16,9,SVM,1764,0.8509,0.9091,3.2045
16x16,9,Random Forest,1764,0.8326,0.9031,7.8711
16x16,12,SVM,2352,0.8509,0.9096,4.5261
16x16,12,Random Forest,2352,0.844,0.9091,9.7997
